{
    "best_model": "fit_2c_lor",
    "components": {
        "component_1": {
            "power_law_fit_report": [
                1.0,
                4.0
            ],
            "scaling_index": 4.0,
            "scaling_index_err": 3.377863029884716e-05,
            "bw_at_ref_mhz": 3841600000000.0054,
            "bw_at_ref_mhz_err": 1783078034918.9497,
            "subband_measurements": [
                {
                    "freq_mhz": 1451.8826306364965,
                    "bw": 0.0004498187395732822,
                    "mod": 76.55176340405109,
                    "bw_err": NaN,
                    "mod_err": NaN,
                    "finite_err": 4.978253714483782e-07,
                    "gof": {
                        "bic": -1181.0008731810788,
                        "redchi": 0.661833078574009
                    }
                }
            ],
            "scaling_interpretation": "Consistent with unresolved point source (\u03b1 \u2248 4)"
        },
        "component_2": {
            "power_law_fit_report": [
                1.0,
                4.0
            ],
            "scaling_index": 4.0,
            "scaling_index_err": 3.377863029884716e-05,
            "bw_at_ref_mhz": 3841600000000.0054,
            "bw_at_ref_mhz_err": 1783078034918.9497,
            "subband_measurements": [
                {
                    "freq_mhz": 1451.8826306364965,
                    "bw": 0.0005220774897790603,
                    "mod": 34.5188427755133,
                    "bw_err": NaN,
                    "mod_err": NaN,
                    "finite_err": 6.224767895989115e-07,
                    "gof": {}
                }
            ],
            "scaling_interpretation": "Consistent with unresolved point source (\u03b1 \u2248 4)"
        }
    }
}