{
    "best_model": "fit_2c_lor",
    "components": {
        "component_1": {
            "power_law_fit_report": [
                4.862551069808393e+224,
                -71.93613460856866
            ],
            "scaling_index": -71.93613460856866,
            "scaling_index_err": 7.252545818670188e-08,
            "bw_at_ref_mhz": 0.02325810384524121,
            "bw_at_ref_mhz_err": 2.7351281327006807,
            "subband_measurements": [
                {
                    "freq_mhz": 1358.117369363503,
                    "bw": 0.20675907747548805,
                    "mod": 0.2594975143368643,
                    "bw_err": NaN,
                    "mod_err": NaN,
                    "finite_err": 0.004855305892206002,
                    "gof": {
                        "bic": -16158.019675866617,
                        "redchi": 0.0041007279069173825
                    }
                },
                {
                    "freq_mhz": 1451.8826306364965,
                    "bw": 0.0016972017593100963,
                    "mod": 4.790365906145031,
                    "bw_err": NaN,
                    "mod_err": NaN,
                    "finite_err": 3.6103493701095393e-06,
                    "gof": {
                        "bic": -11998.368495071973,
                        "redchi": 0.016829449089350152
                    }
                }
            ],
            "scaling_interpretation": "Undetermined"
        },
        "component_2": {
            "power_law_fit_report": [
                642237.210616729,
                -1.8156887300896098
            ],
            "scaling_index": -1.8156887300896098,
            "scaling_index_err": 6.963328207460974e-13,
            "bw_at_ref_mhz": 1.2453925022516323,
            "bw_at_ref_mhz_err": 3.696976336298682,
            "subband_measurements": [
                {
                    "freq_mhz": 1358.117369363503,
                    "bw": 1.3160018821284587,
                    "mod": 0.7603208393762682,
                    "bw_err": NaN,
                    "mod_err": NaN,
                    "finite_err": 0.0779658617268036,
                    "gof": {}
                },
                {
                    "freq_mhz": 1451.8826306364965,
                    "bw": 1.1657678047729454,
                    "mod": 0.7270552183709644,
                    "bw_err": NaN,
                    "mod_err": NaN,
                    "finite_err": 0.0649930781289411,
                    "gof": {}
                }
            ],
            "scaling_interpretation": "Undetermined"
        }
    }
}