{"best_model": "fit_3c_lor", "components": {"component_1": {"power_law_fit_report": [6.957114119364303e-298, 93.70196426586412], "scaling_index": 93.70196426586412, "scaling_index_err": 4.3237945315127965e-07, "bw_at_ref_mhz": 0.0043732660855466815, "bw_at_ref_mhz_err": 0.6699017612675972, "subband_measurements": [{"freq_mhz": 1358.117369363503, "bw": 0.0002539851901132151, "mod": 20.584354165469843, "bw_err": null, "mod_err": null, "finite_err": 2.0969107771135765e-07, "gof": {"bic": -28399.93174144311, "redchi": 6.399095685068664e-05}}, {"freq_mhz": 1451.8826306364965, "bw": 0.13231907524020003, "mod": 0.1788689519919271, "bw_err": null, "mod_err": null, "finite_err": 0.0024857268487855364, "gof": {"bic": -27506.13721714638, "redchi": 8.667230072560112e-05}}], "scaling_interpretation": "Undetermined"}, "component_2": {"power_law_fit_report": [6.928668970519454e+57, -18.426729227733443], "scaling_index": -18.426729227733443, "scaling_index_err": 1.3331190814094358e-10, "bw_at_ref_mhz": 0.7375651420613123, "bw_at_ref_mhz_err": 22.218053192885087, "subband_measurements": [{"freq_mhz": 1358.117369363503, "bw": 1.29081032997534, "mod": 0.12233524227010428, "bw_err": null, "mod_err": null, "finite_err": 0.07597330328402253, "gof": {}}, {"freq_mhz": 1451.8826306364965, "bw": 0.37721942384460305, "mod": 2.799450567581019e-06, "bw_err": null, "mod_err": null, "finite_err": 0.011964947265805366, "gof": {}}], "scaling_interpretation": "Undetermined"}, "component_3": {"power_law_fit_report": [7.619071596590025e+97, -30.760182807956845], "scaling_index": -30.760182807956845, "scaling_index_err": 4.47351595908878e-11, "bw_at_ref_mhz": 12.77698956095304, "bw_at_ref_mhz_err": 642.5052863007716, "subband_measurements": [{"freq_mhz": 1358.117369363503, "bw": 32.52204683958591, "mod": 0.1430703277716341, "bw_err": null, "mod_err": null, "finite_err": 9.6080259589805, "gof": {}}, {"freq_mhz": 1451.8826306364965, "bw": 4.171678115721195, "mod": 0.19342454618790228, "bw_err": null, "mod_err": null, "finite_err": 0.44003366577743963, "gof": {}}], "scaling_interpretation": "Undetermined"}}}