{
    "best_model": "fit_2c_lor",
    "components": {
        "component_1": {
            "power_law_fit_report": [
                3.2622492334207837e-46,
                14.677636535150512
            ],
            "scaling_index": 14.677636535150512,
            "scaling_index_err": 3.9296661912883524e-11,
            "bw_at_ref_mhz": 4.911802982485743,
            "bw_at_ref_mhz_err": 117.85730541337782,
            "subband_measurements": [
                {
                    "freq_mhz": 1358.117369363503,
                    "bw": 3.1450834043412206,
                    "mod": 0.47369049691128806,
                    "bw_err": NaN,
                    "mod_err": NaN,
                    "finite_err": 0.2883789099793981,
                    "gof": {
                        "bic": -15924.351787034351,
                        "redchi": 0.004439232488467798
                    }
                },
                {
                    "freq_mhz": 1451.8826306364965,
                    "bw": 8.379123386362636,
                    "mod": 0.7392073377431945,
                    "bw_err": NaN,
                    "mod_err": NaN,
                    "finite_err": 1.2524110731401392,
                    "gof": {
                        "bic": -19002.050631529743,
                        "redchi": 0.0015617034903141315
                    }
                }
            ],
            "scaling_interpretation": "Undetermined"
        },
        "component_2": {
            "power_law_fit_report": [
                9.336739202756634e-78,
                24.98971906024403
            ],
            "scaling_index": 24.98971906024403,
            "scaling_index_err": 1.9645308186384617e-11,
            "bw_at_ref_mhz": 38.998775156964264,
            "bw_at_ref_mhz_err": 1593.2282347727325,
            "subband_measurements": [
                {
                    "freq_mhz": 1358.117369363503,
                    "bw": 18.256531788988994,
                    "mod": 0.7176952121279909,
                    "bw_err": NaN,
                    "mod_err": NaN,
                    "finite_err": 4.033134096887213,
                    "gof": {}
                },
                {
                    "freq_mhz": 1451.8826306364965,
                    "bw": 96.82228825792227,
                    "mod": 2.2116787547546317,
                    "bw_err": NaN,
                    "mod_err": NaN,
                    "finite_err": 48.41114412896113,
                    "gof": {}
                }
            ],
            "scaling_interpretation": "Undetermined"
        }
    }
}