{
    "best_model": "fit_2c_mixed",
    "components": {
        "component_1": {
            "power_law_fit_report": [
                1.3873199478787448e-17,
                4.131794726629175
            ],
            "scaling_index": 4.131794726629175,
            "scaling_index_err": 293.54435122338293,
            "bw_at_ref_mhz": 0.0001384624009464118,
            "bw_at_ref_mhz_err": 0.001224288468105456,
            "subband_measurements": [
                {
                    "freq_mhz": 1324.466262412502,
                    "bw": 0.0008128950033670292,
                    "mod": 2.612419104911537,
                    "bw_err": NaN,
                    "mod_err": NaN,
                    "finite_err": 2.2526916971013334e-06,
                    "gof": {
                        "bic": -5915.173890727253,
                        "redchi": 0.001045022473217871
                    }
                },
                {
                    "freq_mhz": 1365.2443838515383,
                    "bw": 0.9891152086082465,
                    "mod": 0.14847826313585055,
                    "bw_err": 0.39814750188126946,
                    "mod_err": 0.024221532979493213,
                    "finite_err": 0.06626608942969847,
                    "gof": {
                        "bic": -11784.905240896302,
                        "redchi": 0.001429174831939282
                    }
                },
                {
                    "freq_mhz": 1410.7840224645938,
                    "bw": 0.00012046551494555426,
                    "mod": 3.5861761680358333,
                    "bw_err": NaN,
                    "mod_err": NaN,
                    "finite_err": 1.1057967025427901e-07,
                    "gof": {
                        "bic": -8433.685134827538,
                        "redchi": 0.0007214939903851606
                    }
                },
                {
                    "freq_mhz": 1463.771162298551,
                    "bw": 2.6797441926362238,
                    "mod": 0.39908403300720363,
                    "bw_err": 0.3220929924926351,
                    "mod_err": 0.0234577160834886,
                    "finite_err": 0.26217882105459706,
                    "gof": {
                        "bic": -10789.807481993163,
                        "redchi": 0.008894789094519462
                    }
                }
            ]
        },
        "component_2": {
            "power_law_fit_report": [
                1.0784296694424008e-09,
                2.9072997520742714
            ],
            "scaling_index": 2.9072997520742714,
            "scaling_index_err": 19.552005790148666,
            "bw_at_ref_mhz": 1.5119209526531654,
            "bw_at_ref_mhz_err": 0.5607952939530583,
            "subband_measurements": [
                {
                    "freq_mhz": 1324.466262412502,
                    "bw": 2.300910138046043,
                    "mod": 0.3864005589600421,
                    "bw_err": NaN,
                    "mod_err": NaN,
                    "finite_err": 0.33923414873668645,
                    "gof": {}
                },
                {
                    "freq_mhz": 1365.2443838515383,
                    "bw": 12.704421369830099,
                    "mod": 1.1478504767486868,
                    "bw_err": 0.09078484234746607,
                    "mod_err": 0.0018164791968018886,
                    "finite_err": 3.0503758736407547,
                    "gof": {}
                },
                {
                    "freq_mhz": 1410.7840224645938,
                    "bw": 1.3740298503593436,
                    "mod": 0.23827437088335857,
                    "bw_err": NaN,
                    "mod_err": NaN,
                    "finite_err": 0.1347024298965721,
                    "gof": {}
                },
                {
                    "freq_mhz": 1463.771162298551,
                    "bw": 13.38940673741832,
                    "mod": 1.4369343430295185,
                    "bw_err": 0.19695621217686413,
                    "mod_err": 0.00464992314786488,
                    "finite_err": 2.92819234161237,
                    "gof": {}
                }
            ]
        }
    }
}