{
    "best_model": "fit_2c_lor",
    "components": {
        "component_1": {
            "power_law_fit_report": [
                1.4267308627798412e+219,
                -70.087701238771
            ],
            "scaling_index": -70.087701238771,
            "scaling_index_err": 4.706653127218328e-08,
            "bw_at_ref_mhz": 0.04461287714490839,
            "bw_at_ref_mhz_err": 5.111623253721726,
            "subband_measurements": [
                {
                    "freq_mhz": 1358.117369363503,
                    "bw": 0.3749456534920129,
                    "mod": 0.7054389615694963,
                    "bw_err": NaN,
                    "mod_err": NaN,
                    "finite_err": 0.011876280498060396,
                    "gof": {
                        "bic": -12930.48738048687,
                        "redchi": 0.012264743339961675
                    }
                },
                {
                    "freq_mhz": 1451.8826306364965,
                    "bw": 0.003482018458889402,
                    "mod": 5.5135254930773,
                    "bw_err": NaN,
                    "mod_err": NaN,
                    "finite_err": 1.0611244496616043e-05,
                    "gof": {
                        "bic": -6199.607806686629,
                        "redchi": 0.12047964445619692
                    }
                }
            ],
            "scaling_interpretation": "Undetermined"
        },
        "component_2": {
            "power_law_fit_report": [
                51331025768.049515,
                -3.316508623186653
            ],
            "scaling_index": -3.316508623186653,
            "scaling_index_err": 6.50400189216248e-12,
            "bw_at_ref_mhz": 1.8889444354423892,
            "bw_at_ref_mhz_err": 10.2417995162535,
            "subband_measurements": [
                {
                    "freq_mhz": 1358.117369363503,
                    "bw": 2.0891343015911614,
                    "mod": 0.6861043871210328,
                    "bw_err": NaN,
                    "mod_err": NaN,
                    "finite_err": 0.15619873088411979,
                    "gof": {}
                },
                {
                    "freq_mhz": 1451.8826306364965,
                    "bw": 1.6741980251008477,
                    "mod": 1.3648417371423287,
                    "bw_err": NaN,
                    "mod_err": NaN,
                    "finite_err": 0.11187420333387765,
                    "gof": {}
                }
            ],
            "scaling_interpretation": "Undetermined"
        }
    }
}