{
    "best_model": "fit_2c_lor",
    "components": {
        "component_1": {
            "power_law_fit_report": [
                4.678974099290843e-16,
                4.8007170175583465
            ],
            "scaling_index": 4.8007170175583465,
            "scaling_index_err": 21.97011716799964,
            "bw_at_ref_mhz": 0.5940473206866385,
            "bw_at_ref_mhz_err": 0.5700525073995473,
            "subband_measurements": [
                {
                    "freq_mhz": 1321.2003499918608,
                    "bw": 0.22838447114011762,
                    "mod": 0.6530295495310292,
                    "bw_err": 0.10086896915149733,
                    "mod_err": 0.08038593471022404,
                    "finite_err": 0.012233076302007555,
                    "gof": {
                        "bic": -2533.7523411295333,
                        "redchi": 0.019680665961334564
                    }
                },
                {
                    "freq_mhz": 1351.4481930652776,
                    "bw": 0.6276947410890831,
                    "mod": 0.7615731524830742,
                    "bw_err": 0.06696581714004599,
                    "mod_err": 0.02461625453110681,
                    "finite_err": 0.03907031382825643,
                    "gof": {
                        "bic": -5081.086832176797,
                        "redchi": 0.021168861458325035
                    }
                },
                {
                    "freq_mhz": 1396.1637229366759,
                    "bw": 0.0015202004832995941,
                    "mod": 10.58761751777772,
                    "bw_err": 1.0083126687923152,
                    "mod_err": 6772.9369743000825,
                    "finite_err": 4.251472690000329e-06,
                    "gof": {
                        "bic": -4202.933187339274,
                        "redchi": 0.06994518789712223
                    }
                },
                {
                    "freq_mhz": 1459.6811411362528,
                    "bw": 0.0005509192379807848,
                    "mod": 44.515574755787554,
                    "bw_err": 2.2752728248769514,
                    "mod_err": 177669.97433093374,
                    "finite_err": 7.31285132272689e-07,
                    "gof": {
                        "bic": -3641.6036511966595,
                        "redchi": 0.2379073295869334
                    }
                }
            ]
        },
        "component_2": {
            "power_law_fit_report": [
                1.5833526115197244e-07,
                2.207079235149821
            ],
            "scaling_index": 2.207079235149821,
            "scaling_index_err": 4.648153893524697,
            "bw_at_ref_mhz": 1.3910140011677363,
            "bw_at_ref_mhz_err": 0.24964972170723485,
            "subband_measurements": [
                {
                    "freq_mhz": 1321.2003499918608,
                    "bw": 1.2472902728127564,
                    "mod": 0.581922369008137,
                    "bw_err": 0.3412455527792927,
                    "mod_err": 0.0925428436624884,
                    "finite_err": 0.15613027737591803,
                    "gof": {}
                },
                {
                    "freq_mhz": 1351.4481930652776,
                    "bw": 208.1526275347001,
                    "mod": 6.311980867909597,
                    "bw_err": 1758.4934972373476,
                    "mod_err": 52.86287964719749,
                    "finite_err": 104.07631376735004,
                    "gof": {}
                },
                {
                    "freq_mhz": 1396.1637229366759,
                    "bw": 1.8859662120784138,
                    "mod": 0.9951063267491926,
                    "bw_err": 0.12602375023260007,
                    "mod_err": 0.02230432611163924,
                    "finite_err": 0.18577572126266084,
                    "gof": {}
                },
                {
                    "freq_mhz": 1459.6811411362528,
                    "bw": 1.3937745684685927,
                    "mod": 1.4860751033846715,
                    "bw_err": 0.0857081102276257,
                    "mod_err": 0.03388149945857678,
                    "finite_err": 0.09305584145464699,
                    "gof": {}
                }
            ]
        }
    }
}