{
    "best_model": "fit_1c_lor",
    "components": {
        "scint_scale": {
            "power_law_fit_report": [
                -5.997938869255193e-08,
                -8.79169378695061
            ],
            "scaling_index": -8.79169378695061,
            "scaling_index_err": 5.135329453994492e+37,
            "bw_at_ref_mhz": -1.3128276981128503e-35,
            "bw_at_ref_mhz_err": 31.715406818133637,
            "subband_measurements": [
                {
                    "freq_mhz": 1335.668036789842,
                    "bw": 0.034212593981000405,
                    "mod": 0.3725862339089978,
                    "bw_err": 0.022817675629504604,
                    "mod_err": 0.1341540316395111,
                    "finite_err": 0.0004526296141895488,
                    "gof": {
                        "bic": -11816.546529129875,
                        "redchi": 0.0006129065267004201
                    }
                },
                {
                    "freq_mhz": 1389.9981686472408,
                    "bw": 542.3132106467208,
                    "mod": 3.0653899922600276,
                    "bw_err": 27850.775377605136,
                    "mod_err": 157.01561824164574,
                    "finite_err": 271.1566053233604,
                    "gof": {
                        "bic": -13743.642093143066,
                        "redchi": 0.0008603797592517641
                    }
                },
                {
                    "freq_mhz": 1459.3301318573986,
                    "bw": 35.37176832066242,
                    "mod": 0.2564125131669035,
                    "bw_err": 8.20188630671115,
                    "mod_err": 0.02981077662015732,
                    "finite_err": 11.844003552871575,
                    "gof": {
                        "bic": -16728.551930655725,
                        "redchi": 0.001530963269466517
                    }
                }
            ]
        }
    }
}