{
    "best_model": "fit_2c_lor",
    "components": {
        "component_1": {
            "power_law_fit_report": [
                1.6517201205945526e+194,
                -62.08892883981311
            ],
            "scaling_index": -62.08892883981311,
            "scaling_index_err": 1.6621118255290802e-08,
            "bw_at_ref_mhz": 0.07554691442084584,
            "bw_at_ref_mhz_err": 7.668104841042329,
            "subband_measurements": [
                {
                    "freq_mhz": 1358.117369363503,
                    "bw": 0.4979837350416966,
                    "mod": 0.141224014094383,
                    "bw_err": NaN,
                    "mod_err": NaN,
                    "finite_err": 0.01816929109103926,
                    "gof": {
                        "bic": -23446.362037213003,
                        "redchi": 0.00034548205340917783
                    }
                },
                {
                    "freq_mhz": 1451.8826306364965,
                    "bw": 0.007888527780026577,
                    "mod": 0.5613562326703787,
                    "bw_err": NaN,
                    "mod_err": NaN,
                    "finite_err": 3.617786711253548e-05,
                    "gof": {
                        "bic": -19664.523225297406,
                        "redchi": 0.0012472053326830362
                    }
                }
            ],
            "scaling_interpretation": "Undetermined"
        },
        "component_2": {
            "power_law_fit_report": [
                Infinity,
                -121.22946933377722
            ],
            "scaling_index": -121.22946933377722,
            "scaling_index_err": 4.5290301648309175e-08,
            "bw_at_ref_mhz": 1.377653209153642,
            "bw_at_ref_mhz_err": 273.0267047500631,
            "subband_measurements": [
                {
                    "freq_mhz": 1358.117369363503,
                    "bw": 54.73250957826468,
                    "mod": 0.3515003431406496,
                    "bw_err": NaN,
                    "mod_err": NaN,
                    "finite_err": 20.93549761550943,
                    "gof": {}
                },
                {
                    "freq_mhz": 1451.8826306364965,
                    "bw": 0.016722189596741432,
                    "mod": 0.60685417024102,
                    "bw_err": NaN,
                    "mod_err": NaN,
                    "finite_err": 0.00011165771473733729,
                    "gof": {}
                }
            ],
            "scaling_interpretation": "Undetermined"
        }
    }
}