{
    "best_model": "fit_2c_lor",
    "components": {
        "component_1": {
            "power_law_fit_report": [
                0.0,
                110.68899427666001
            ],
            "scaling_index": 110.68899427666001,
            "scaling_index_err": 2.3479634709805793e-08,
            "bw_at_ref_mhz": 0.003958612243725891,
            "bw_at_ref_mhz_err": 0.716315630456131,
            "subband_measurements": [
                {
                    "freq_mhz": 1358.117369363503,
                    "bw": 0.0001372379091325593,
                    "mod": 235.04448701770872,
                    "bw_err": NaN,
                    "mod_err": NaN,
                    "finite_err": 8.312399062311839e-08,
                    "gof": {
                        "bic": -7650.736728695225,
                        "redchi": 0.07361912217560225
                    }
                },
                {
                    "freq_mhz": 1451.8826306364965,
                    "bw": 0.22223558734502447,
                    "mod": 1.2969398697698011,
                    "bw_err": NaN,
                    "mod_err": NaN,
                    "finite_err": 0.005409653246388896,
                    "gof": {
                        "bic": -2866.9542111261862,
                        "redchi": 0.37342896177557666
                    }
                }
            ],
            "scaling_interpretation": "Undetermined"
        },
        "component_2": {
            "power_law_fit_report": [
                1.766359360031508e+94,
                -29.468941451695784
            ],
            "scaling_index": -29.468941451695784,
            "scaling_index_err": 2.135736485488827e-10,
            "bw_at_ref_mhz": 34.19921843292554,
            "bw_at_ref_mhz_err": 1647.5711556349477,
            "subband_measurements": [
                {
                    "freq_mhz": 1358.117369363503,
                    "bw": 83.70147153124411,
                    "mod": 1.4923502888817328,
                    "bw_err": NaN,
                    "mod_err": NaN,
                    "finite_err": 39.59267868301072,
                    "gof": {}
                },
                {
                    "freq_mhz": 1451.8826306364965,
                    "bw": 11.70319742735923,
                    "mod": 0.9297648357556165,
                    "bw_err": NaN,
                    "mod_err": NaN,
                    "finite_err": 2.067311009271913,
                    "gof": {}
                }
            ],
            "scaling_interpretation": "Undetermined"
        }
    }
}