{
    "best_model": "fit_2c_lor",
    "components": {
        "component_1": {
            "power_law_fit_report": [
                2.1812724800406794e-12,
                3.4677051735095676
            ],
            "scaling_index": 3.4677051735095676,
            "scaling_index_err": 5.71548285980633,
            "bw_at_ref_mhz": 0.17723699821996344,
            "bw_at_ref_mhz_err": 0.025663537912714994,
            "subband_measurements": [
                {
                    "freq_mhz": 1321.841323457594,
                    "bw": 0.0021940945459714145,
                    "mod": 0.0002344234577456028,
                    "bw_err": 46696458.38517372,
                    "mod_err": 4950851.515007891,
                    "finite_err": 1.1157071865291172e-05,
                    "gof": {
                        "bic": -2112.2987538629045,
                        "redchi": 0.045795775852203464
                    }
                },
                {
                    "freq_mhz": 1352.7759238157253,
                    "bw": 0.0006919431162658585,
                    "mod": 46.93212923080265,
                    "bw_err": 0.9883222562354257,
                    "mod_err": 65768.94375571821,
                    "finite_err": 1.4272928929162604e-06,
                    "gof": {
                        "bic": -2000.9491994082346,
                        "redchi": 0.2175210957424107
                    }
                },
                {
                    "freq_mhz": 1396.7894351294158,
                    "bw": 0.19906147647030303,
                    "mod": 1.2773466766784205,
                    "bw_err": 0.04721394560706958,
                    "mod_err": 0.10761027473183105,
                    "finite_err": 0.006468697008682478,
                    "gof": {
                        "bic": -1769.2730627425062,
                        "redchi": 0.3114753804699796
                    }
                },
                {
                    "freq_mhz": 1459.620096044278,
                    "bw": 0.16029989407799927,
                    "mod": 1.443831759502721,
                    "bw_err": 0.07284511585355241,
                    "mod_err": 0.2274200678673693,
                    "finite_err": 0.003626734756254183,
                    "gof": {
                        "bic": 796.4062403379448,
                        "redchi": 1.3461599346357422
                    }
                }
            ]
        },
        "component_2": {
            "power_law_fit_report": [
                0.3028924201166667,
                -1674621922.7740362
            ],
            "scaling_index": -1674621922.7740362,
            "scaling_index_err": 0.0,
            "bw_at_ref_mhz": 0.0,
            "bw_at_ref_mhz_err": 0.0,
            "subband_measurements": [
                {
                    "freq_mhz": 1321.841323457594,
                    "bw": 0.10332478096050346,
                    "mod": 0.6495541196337402,
                    "bw_err": 0.0998574857027433,
                    "mod_err": 0.38930268704438153,
                    "finite_err": 0.003605570266110631,
                    "gof": {}
                },
                {
                    "freq_mhz": 1352.7759238157253,
                    "bw": 1.6044137306225608,
                    "mod": 0.5216195045745842,
                    "bw_err": 0.7583231722174258,
                    "mod_err": 0.08364246415811609,
                    "finite_err": 0.1593610081758464,
                    "gof": {}
                },
                {
                    "freq_mhz": 1396.7894351294158,
                    "bw": 567.7823443899158,
                    "mod": 19.301559520418806,
                    "bw_err": 49413.2438266196,
                    "mod_err": 1677.222948447273,
                    "finite_err": 283.8911721949579,
                    "gof": {}
                },
                {
                    "freq_mhz": 1459.620096044278,
                    "bw": 8.380619680266314,
                    "mod": 1.0440244338440539,
                    "bw_err": 1.383510653492441,
                    "mod_err": 0.045000185622988756,
                    "finite_err": 1.3709769082535126,
                    "gof": {}
                }
            ]
        }
    }
}