{
    "best_model": "fit_2c_lor",
    "components": {
        "component_1": {
            "power_law_fit_report": [
                4.796842618241065e-12,
                3.4910352005698284
            ],
            "scaling_index": 3.4910352005698284,
            "scaling_index_err": 18.1113173068996,
            "bw_at_ref_mhz": 0.4615292049341129,
            "bw_at_ref_mhz_err": 0.30739888400115695,
            "subband_measurements": [
                {
                    "freq_mhz": 1334.2487384014325,
                    "bw": 0.1040471639639603,
                    "mod": 0.6241356309119246,
                    "bw_err": 0.13092855182019766,
                    "mod_err": 0.2051601787010925,
                    "finite_err": 0.0024734567780640517,
                    "gof": {
                        "bic": -3369.2226911157686,
                        "redchi": 0.10485497126345347
                    }
                },
                {
                    "freq_mhz": 1366.434763145043,
                    "bw": 0.27098671668458396,
                    "mod": 0.36644537521070375,
                    "bw_err": 0.1367480127840328,
                    "mod_err": 0.05225672480978434,
                    "finite_err": 0.01646813408764517,
                    "gof": {
                        "bic": -2829.8837027580585,
                        "redchi": 0.00855352042309269
                    }
                },
                {
                    "freq_mhz": 1397.5067149601173,
                    "bw": 1.5179433274474703,
                    "mod": 1.1091146501126392,
                    "bw_err": 0.12650315945637272,
                    "mod_err": 0.023075161364941796,
                    "finite_err": 0.14168731667938397,
                    "gof": {
                        "bic": -3578.5047514067032,
                        "redchi": 0.07954575112918605
                    }
                },
                {
                    "freq_mhz": 1459.0859514895003,
                    "bw": 0.44090203411099005,
                    "mod": 1.066023086821327,
                    "bw_err": 0.12315068894443396,
                    "mod_err": 0.09566358587061281,
                    "finite_err": 0.01643183652671115,
                    "gof": {
                        "bic": -2159.8087970160486,
                        "redchi": 0.43003338682594844
                    }
                }
            ]
        },
        "component_2": {
            "power_law_fit_report": [
                -1.1549421669606349e-08,
                -9.515439321846593
            ],
            "scaling_index": -9.515439321846593,
            "scaling_index_err": 1.8004145268544785e+40,
            "bw_at_ref_mhz": -1.3358872826360424e-38,
            "bw_at_ref_mhz_err": 11.53237612293033,
            "subband_measurements": [
                {
                    "freq_mhz": 1334.2487384014325,
                    "bw": 1.00760781338154,
                    "mod": 0.9469415074754812,
                    "bw_err": 0.1671777964605408,
                    "mod_err": 0.07828167701115069,
                    "finite_err": 0.07454117683449907,
                    "gof": {}
                },
                {
                    "freq_mhz": 1366.434763145043,
                    "bw": 5.5985984292655635,
                    "mod": 1.2359678847388835,
                    "bw_err": 0.19597427918374363,
                    "mod_err": 0.01179612336125743,
                    "finite_err": 1.5464695277507827,
                    "gof": {}
                },
                {
                    "freq_mhz": 1397.5067149601173,
                    "bw": 27.869883380255658,
                    "mod": 0.721308279793401,
                    "bw_err": 24.686109378272885,
                    "mod_err": 0.3815374591214827,
                    "finite_err": 11.14680404605384,
                    "gof": {}
                },
                {
                    "freq_mhz": 1459.0859514895003,
                    "bw": 19.384404852680763,
                    "mod": 0.9133190032827134,
                    "bw_err": 3.0429260776845686,
                    "mod_err": 0.03562619239695852,
                    "finite_err": 4.790178084560093,
                    "gof": {}
                }
            ]
        }
    }
}