{
    "best_model": "fit_2c_lor",
    "components": {
        "component_1": {
            "power_law_fit_report": [
                5.492672613404127e-113,
                35.44815480002588
            ],
            "scaling_index": 35.44815480002588,
            "scaling_index_err": 1.3473622478133411e-09,
            "bw_at_ref_mhz": 0.18374576721494681,
            "bw_at_ref_mhz_err": 10.647992568469505,
            "subband_measurements": [
                {
                    "freq_mhz": 1358.117369363503,
                    "bw": 0.0626080575472413,
                    "mod": 0.4356247748543389,
                    "bw_err": NaN,
                    "mod_err": NaN,
                    "finite_err": 0.0008099544393191415,
                    "gof": {
                        "bic": -6555.55098674263,
                        "redchi": 0.10676800262212305
                    }
                },
                {
                    "freq_mhz": 1451.8826306364965,
                    "bw": 0.6674539932121272,
                    "mod": 1.3814705482273646,
                    "bw_err": NaN,
                    "mod_err": NaN,
                    "finite_err": 0.028156652684886825,
                    "gof": {
                        "bic": 2383.02155841418,
                        "redchi": 2.2189667944872817
                    }
                }
            ],
            "scaling_interpretation": "Undetermined"
        },
        "component_2": {
            "power_law_fit_report": [
                1.0395025340217205e-101,
                32.32758339921327
            ],
            "scaling_index": 32.32758339921327,
            "scaling_index_err": 2.6572613215381763e-10,
            "bw_at_ref_mhz": 5.291051763516428,
            "bw_at_ref_mhz_err": 279.62312491331005,
            "subband_measurements": [
                {
                    "freq_mhz": 1358.117369363503,
                    "bw": 1.9820632902546227,
                    "mod": 1.127458968378975,
                    "bw_err": NaN,
                    "mod_err": NaN,
                    "finite_err": 0.14427514602781102,
                    "gof": {}
                },
                {
                    "freq_mhz": 1451.8826306364965,
                    "bw": 17.156556848817573,
                    "mod": 1.0355396590048227,
                    "bw_err": NaN,
                    "mod_err": NaN,
                    "finite_err": 3.669392937722619,
                    "gof": {}
                }
            ],
            "scaling_interpretation": "Undetermined"
        }
    }
}