{
    "best_model": "fit_3c_lor",
    "components": {
        "component_1": {
            "power_law_fit_report": [
                8.448056680410558e+282,
                -91.37665707259491
            ],
            "scaling_index": -91.37665707259491,
            "scaling_index_err": 1.0673158476337256e-06,
            "bw_at_ref_mhz": 2.7803162394141965e-05,
            "bw_at_ref_mhz_err": 0.004153237103531921,
            "subband_measurements": [
                {
                    "freq_mhz": 1358.117369363503,
                    "bw": 0.0004460866236558614,
                    "mod": 13.067842713066264,
                    "bw_err": NaN,
                    "mod_err": NaN,
                    "finite_err": 4.88085788262002e-07,
                    "gof": {
                        "bic": -19043.277838394402,
                        "redchi": 6.009250031540439e-05
                    }
                },
                {
                    "freq_mhz": 1451.8826306364965,
                    "bw": 1.0000588864800264e-06,
                    "mod": 5.179698996652858,
                    "bw_err": NaN,
                    "mod_err": NaN,
                    "finite_err": 5.1648543368248255e-11,
                    "gof": {
                        "bic": -18573.841695903768,
                        "redchi": 7.631774546412849e-05
                    }
                }
            ],
            "scaling_interpretation": "Undetermined"
        },
        "component_2": {
            "power_law_fit_report": [
                1.918038408498016e+152,
                -48.41826856294497
            ],
            "scaling_index": -48.41826856294497,
            "scaling_index_err": 1.1471848626657493e-09,
            "bw_at_ref_mhz": 0.8969849054164815,
            "bw_at_ref_mhz_err": 70.9989044878342,
            "subband_measurements": [
                {
                    "freq_mhz": 1358.117369363503,
                    "bw": 3.9035302071638647,
                    "mod": 0.0962334778729328,
                    "bw_err": NaN,
                    "mod_err": NaN,
                    "finite_err": 0.3995339399396344,
                    "gof": {}
                },
                {
                    "freq_mhz": 1451.8826306364965,
                    "bw": 0.1540310539348001,
                    "mod": 0.18064931686169405,
                    "bw_err": NaN,
                    "mod_err": NaN,
                    "finite_err": 0.0031219946052848235,
                    "gof": {}
                }
            ],
            "scaling_interpretation": "Undetermined"
        },
        "component_3": {
            "power_law_fit_report": [
                2.4200946256727063e-10,
                3.2692738323331865
            ],
            "scaling_index": 3.2692738323331865,
            "scaling_index_err": 3.3530311883330276e-12,
            "bw_at_ref_mhz": 4.67074768729559,
            "bw_at_ref_mhz_err": 24.965634586137618,
            "subband_measurements": [
                {
                    "freq_mhz": 1358.117369363503,
                    "bw": 4.229239620501443,
                    "mod": 0.08081632427725371,
                    "bw_err": NaN,
                    "mod_err": NaN,
                    "finite_err": 0.45056847231822494,
                    "gof": {}
                },
                {
                    "freq_mhz": 1451.8826306364965,
                    "bw": 5.260806055210969,
                    "mod": 0.19870185983974586,
                    "bw_err": NaN,
                    "mod_err": NaN,
                    "finite_err": 0.6231579713691078,
                    "gof": {}
                }
            ],
            "scaling_interpretation": "Undetermined"
        }
    }
}