{
    "best_model": "fit_3c_lor",
    "components": {
        "component_1": {
            "power_law_fit_report": [
                7.734914826521723e-289,
                90.84104310834337
            ],
            "scaling_index": 90.84104310834337,
            "scaling_index_err": 7.539734022368164e-08,
            "bw_at_ref_mhz": 0.0048529749458537325,
            "bw_at_ref_mhz_err": 0.720688104417878,
            "subband_measurements": [
                {
                    "freq_mhz": 1358.117369363503,
                    "bw": 0.000307431373386291,
                    "mod": 15.822600491950947,
                    "bw_err": NaN,
                    "mod_err": NaN,
                    "finite_err": 2.7924772208456476e-07,
                    "gof": {
                        "bic": -28394.91240571372,
                        "redchi": 6.452122170451965e-05
                    }
                },
                {
                    "freq_mhz": 1451.8826306364965,
                    "bw": 0.13231592307248585,
                    "mod": 0.1788686344650121,
                    "bw_err": NaN,
                    "mod_err": NaN,
                    "finite_err": 0.0024856380250701375,
                    "gof": {
                        "bic": -27526.837802035225,
                        "redchi": 8.661356138421847e-05
                    }
                }
            ],
            "scaling_interpretation": "Undetermined"
        },
        "component_2": {
            "power_law_fit_report": [
                5.299375890497634e+24,
                -7.960610066969213
            ],
            "scaling_index": -7.960610066969213,
            "scaling_index_err": 3.228637436563994e-11,
            "bw_at_ref_mhz": 0.4776680713269168,
            "bw_at_ref_mhz_err": 6.216273139049691,
            "subband_measurements": [
                {
                    "freq_mhz": 1358.117369363503,
                    "bw": 0.6083205496578828,
                    "mod": 0.13220555310771465,
                    "bw_err": NaN,
                    "mod_err": NaN,
                    "finite_err": 0.024579106577128598,
                    "gof": {}
                },
                {
                    "freq_mhz": 1451.8826306364965,
                    "bw": 0.3575369398276561,
                    "mod": 1.4865191921842325e-07,
                    "bw_err": NaN,
                    "mod_err": NaN,
                    "finite_err": 0.011040814055958617,
                    "gof": {}
                }
            ],
            "scaling_interpretation": "Undetermined"
        },
        "component_3": {
            "power_law_fit_report": [
                2.2568281232146298e+79,
                -24.90035108443528
            ],
            "scaling_index": -24.90035108443528,
            "scaling_index_err": 1.0550467539116362e-10,
            "bw_at_ref_mhz": 10.322997926825131,
            "bw_at_ref_mhz_err": 420.21416369889755,
            "subband_measurements": [
                {
                    "freq_mhz": 1358.117369363503,
                    "bw": 21.991745483800592,
                    "mod": 0.13260917908169234,
                    "bw_err": NaN,
                    "mod_err": NaN,
                    "finite_err": 5.342652313681081,
                    "gof": {}
                },
                {
                    "freq_mhz": 1451.8826306364965,
                    "bw": 4.1715148072516595,
                    "mod": 0.1934237357589781,
                    "bw_err": NaN,
                    "mod_err": NaN,
                    "finite_err": 0.44000782706725494,
                    "gof": {}
                }
            ],
            "scaling_interpretation": "Undetermined"
        }
    }
}