{
    "best_model": "fit_2c_lor",
    "components": {
        "component_1": {
            "power_law_fit_report": [
                1.0370044243927152e-07,
                1.9593685263599683
            ],
            "scaling_index": 1.9593685263599683,
            "scaling_index_err": 6.387736428439767,
            "bw_at_ref_mhz": 0.15142753832678535,
            "bw_at_ref_mhz_err": 0.04081544772376748,
            "subband_measurements": [
                {
                    "freq_mhz": 1339.4375712192739,
                    "bw": 0.14904417798651293,
                    "mod": 0.20293544952819098,
                    "bw_err": 0.028970757120374495,
                    "mod_err": 0.013460739481434465,
                    "finite_err": 0.00384113345722341,
                    "gof": {
                        "bic": -17204.3712710454,
                        "redchi": 8.455575993376192e-05
                    }
                },
                {
                    "freq_mhz": 1398.9870584405012,
                    "bw": 0.22971745516002662,
                    "mod": 0.1431429428673825,
                    "bw_err": 0.07973060636671406,
                    "mod_err": 0.015384479578046414,
                    "finite_err": 0.006969637250783637,
                    "gof": {
                        "bic": -18899.49941206577,
                        "redchi": 9.491510533695526e-05
                    }
                },
                {
                    "freq_mhz": 1464.5494872212275,
                    "bw": 0.10830083593717077,
                    "mod": 0.17747791363263477,
                    "bw_err": 0.0534002126168317,
                    "mod_err": 0.031062509522421254,
                    "finite_err": 0.002154698011730149,
                    "gof": {
                        "bic": -18859.721927206818,
                        "redchi": 0.00021724097305222078
                    }
                }
            ]
        },
        "component_2": {
            "power_law_fit_report": [
                2.1274492564288007e-07,
                2.345942112973799
            ],
            "scaling_index": 2.345942112973799,
            "scaling_index_err": 5.292987473046839,
            "bw_at_ref_mhz": 5.110853847865379,
            "bw_at_ref_mhz_err": 1.018243966867365,
            "subband_measurements": [
                {
                    "freq_mhz": 1339.4375712192739,
                    "bw": 6.3194042187832435,
                    "mod": 0.11974105596303253,
                    "bw_err": 0.7555464736730502,
                    "mod_err": 0.0037156120810569794,
                    "finite_err": 1.0604765660078834,
                    "gof": {}
                },
                {
                    "freq_mhz": 1398.9870584405012,
                    "bw": 5.591185272441986,
                    "mod": 0.1586222306018994,
                    "bw_err": 0.4181548159438942,
                    "mod_err": 0.0035772480798710172,
                    "finite_err": 0.836902770372728,
                    "gof": {}
                },
                {
                    "freq_mhz": 1464.5494872212275,
                    "bw": 5.004857813098443,
                    "mod": 0.2021012089637373,
                    "bw_err": 0.3193964810175722,
                    "mod_err": 0.0038520155261637192,
                    "finite_err": 0.6769028043837927,
                    "gof": {}
                }
            ]
        }
    }
}