{
    "best_model": "fit_3c_lor",
    "components": {
        "component_1": {
            "power_law_fit_report": [
                3.4664259078524574e-241,
                74.84217719195799
            ],
            "scaling_index": 74.84217719195799,
            "scaling_index_err": 1.1347954425613602e-06,
            "bw_at_ref_mhz": 1.0068246429188622e-05,
            "bw_at_ref_mhz_err": 0.0012318498891644217,
            "subband_measurements": [
                {
                    "freq_mhz": 1358.117369363503,
                    "bw": 1.0368853228248653e-06,
                    "mod": 79.10157933333963,
                    "bw_err": NaN,
                    "mod_err": NaN,
                    "finite_err": 5.4589778993199726e-11,
                    "gof": {
                        "bic": -11043.656464935357,
                        "redchi": 0.0035298548115853708
                    }
                },
                {
                    "freq_mhz": 1451.8826306364965,
                    "bw": 0.00015336287348388655,
                    "mod": 47.15223613477839,
                    "bw_err": NaN,
                    "mod_err": NaN,
                    "finite_err": 9.8068464618502e-08,
                    "gof": {
                        "bic": -12345.168353935067,
                        "redchi": 0.0018195195432913003
                    }
                }
            ],
            "scaling_interpretation": "Undetermined"
        },
        "component_2": {
            "power_law_fit_report": [
                0.0,
                154.97024878186147
            ],
            "scaling_index": 154.97024878186147,
            "scaling_index_err": 1.7038896364837568e-06,
            "bw_at_ref_mhz": 0.030440881974316367,
            "bw_at_ref_mhz_err": 7.711921431980474,
            "subband_measurements": [
                {
                    "freq_mhz": 1358.117369363503,
                    "bw": 0.0002749705579557782,
                    "mod": 48.05388820722299,
                    "bw_err": NaN,
                    "mod_err": NaN,
                    "finite_err": 2.3574611140820493e-07,
                    "gof": {}
                },
                {
                    "freq_mhz": 1451.8826306364965,
                    "bw": 8.561020294572883,
                    "mod": 0.6076456536361627,
                    "bw_err": NaN,
                    "mod_err": NaN,
                    "finite_err": 1.2934132634524003,
                    "gof": {}
                }
            ],
            "scaling_interpretation": "Undetermined"
        },
        "component_3": {
            "power_law_fit_report": [
                6.516024912547555e-17,
                5.573611937707435
            ],
            "scaling_index": 5.573611937707435,
            "scaling_index_err": 1.3612435643461708e-11,
            "bw_at_ref_mhz": 22.350102195566016,
            "bw_at_ref_mhz_err": 203.68154471511326,
            "subband_measurements": [
                {
                    "freq_mhz": 1358.117369363503,
                    "bw": 18.869460846829963,
                    "mod": 0.844769575718809,
                    "bw_err": NaN,
                    "mod_err": NaN,
                    "finite_err": 4.237936865018709,
                    "gof": {}
                },
                {
                    "freq_mhz": 1451.8826306364965,
                    "bw": 27.375492716566253,
                    "mod": 1.0110288780398262,
                    "bw_err": NaN,
                    "mod_err": NaN,
                    "finite_err": 7.395915440448723,
                    "gof": {}
                }
            ],
            "scaling_interpretation": "Undetermined"
        }
    }
}