{
    "best_model": "M3",
    "best_params": {
        "c0": 2.54130745927088,
        "t0": 4.123950361788025,
        "gamma": -1.6482929824240138,
        "zeta": -13.79344386126153,
        "tau_1ghz": -6.776459926199094,
        "alpha": 0.6878042763297348,
        "delta_dm": 0.10050783018989112
    },
    "param_names": [
        "c0",
        "t0",
        "gamma",
        "zeta",
        "tau_1ghz",
        "alpha",
        "delta_dm"
    ],
    "goodness_of_fit": {
        "chi2": 208761.1650040952,
        "chi2_reduced": 98.42582036968186,
        "ndof": 2121,
        "residual_rms": 0.25024863880759635,
        "residual_autocorr": [
            -0.1799433521059458,
            -0.20713513613253468,
            -0.22993080815297867,
            -0.2455122484176496,
            -0.25535865426857685,
            -0.2615552939562381,
            -0.2659552913900161,
            -0.26998367396104206,
            -0.27394242083720494,
            -0.2766465740285856,
            -0.2792187264730061,
            -0.2798243763634288,
            -0.27990233148283433,
            -0.27886394288179295,
            -0.27681484733966016,
            -0.2748787043065701,
            -0.2734893244110669,
            -0.2717655987286376,
            -0.2705868936847442,
            -0.2680894098532579,
            -0.2648597449243071,
            -0.26084071790092384,
            -0.2568323900438226,
            -0.25294387591440864,
            -0.24944136474715414,
            -0.24434905557623168,
            -0.23838645985614956,
            -0.23137856175011257,
            -0.22285652783157786,
            -0.21460635276450848,
            -0.20611787171670842,
            -0.19806710636863936,
            -0.19022112053475684,
            -0.18218653650029734,
            -0.17357811697374456,
            -0.16410173688334204,
            -0.15292433760614738,
            -0.1407470235355976,
            -0.12777161424752087,
            -0.11451482556826396,
            -0.10084038762472312,
            -0.087479843590558,
            -0.0739190924695311,
            -0.05935430872726287,
            -0.042666051024830044,
            -0.023257864212275065,
            -0.0015605293343284846,
            0.023535089230744162,
            0.0499138494870251,
            0.0793902019655859,
            0.11152528018956645,
            0.1470708894589838,
            0.18608736201860349,
            0.22876109247934137,
            0.2756652265599229,
            0.3258476016570796,
            0.37836618617399187,
            0.43391765701905893,
            0.49349971202194953,
            0.5579213372078325,
            0.6290438073397178,
            0.7060128072394335,
            0.7860278033741798,
            0.8638313171663702,
            0.9315962825855368,
            0.9790802729126719,
            1.0,
            0.9790802729126719,
            0.9315962825855368,
            0.8638313171663702,
            0.7860278033741798,
            0.7060128072394335,
            0.6290438073397178,
            0.5579213372078325,
            0.49349971202194953,
            0.43391765701905893,
            0.37836618617399187,
            0.3258476016570796,
            0.2756652265599229,
            0.22876109247934137,
            0.18608736201860349,
            0.1470708894589838,
            0.11152528018956645,
            0.0793902019655859,
            0.0499138494870251,
            0.023535089230744162,
            -0.0015605293343284846,
            -0.023257864212275065,
            -0.042666051024830044,
            -0.05935430872726287,
            -0.0739190924695311,
            -0.087479843590558,
            -0.10084038762472312,
            -0.11451482556826396,
            -0.12777161424752087,
            -0.1407470235355976,
            -0.15292433760614738,
            -0.16410173688334204,
            -0.17357811697374456,
            -0.18218653650029734,
            -0.19022112053475684,
            -0.19806710636863936,
            -0.20611787171670842,
            -0.21460635276450848,
            -0.22285652783157786,
            -0.23137856175011257,
            -0.23838645985614956,
            -0.24434905557623168,
            -0.24944136474715414,
            -0.25294387591440864,
            -0.2568323900438226,
            -0.26084071790092384,
            -0.2648597449243071,
            -0.2680894098532579,
            -0.2705868936847442,
            -0.2717655987286376,
            -0.2734893244110669,
            -0.2748787043065701,
            -0.27681484733966016,
            -0.27886394288179295,
            -0.27990233148283433,
            -0.2798243763634288,
            -0.2792187264730061,
            -0.2766465740285856,
            -0.27394242083720494,
            -0.26998367396104206,
            -0.2659552913900161,
            -0.2615552939562381,
            -0.25535865426857685,
            -0.2455122484176496,
            -0.22993080815297867,
            -0.20713513613253468,
            -0.1799433521059458
        ]
    },
    "dm_init": 912.4,
    "convergence": null
}